{"cameraMode":{"drawMode":0,"name":"Shaded","section":"Shading Mode"},"sceneLighting":false,"audioPlay":false,"sceneViewState":{"showFog":true,"showMaterialUpdate":false,"showSkybox":true,"showFlares":true,"showImageEffects":true,"showParticleSystems":true},"in2DMode":false,"pivot":{"x":4.543036937713623,"y":-4.993070125579834,"z":2.2683191299438478},"rotation":{"x":-0.017308063805103303,"y":0.8936850428581238,"z":-0.4470236301422119,"w":-0.034602124243974689},"size":12.83912467956543,"orthographic":false}